{
  "savePath": "/Volumes/Ben/Users/Ben/Documents/eclipse_workspace/CatsEyeE/data/saveData/1408478376535/",
  "cellRadius": 100,
  "texCoords": [
    {
      "y": 0,
      "x": 0.46330276131629944
    },
    {
      "y": 0.41013070940971375,
      "x": 0.5990825891494751
    },
    {
      "y": 0.41013070940971375,
      "x": 0.33302751183509827
    },
    {
      "y": 1,
      "x": 1
    }
  ],
  "renderHeight": 1000,
  "renderWidth": 1000,
  "renderMode": "processing.opengl.PGraphics2D",
  "missingOdds": 0,
  "class": "com.catseye.patternComponents.gridGenerators.regularGrids.TriGrid",
  "useMask": false
}